gate,tau_s,t_lo,skip_rate,f1,precision,recall,phantom_rate,rmse,mae
0.0,0.0,0.25,0.000000,0.854090,0.838502,0.870269,0.341133,0.299094,0.242517
0.0,2.0,0.25,0.000000,0.827635,0.777554,0.884612,0.588000,0.355806,0.298008
0.0,2.0,0.3,0.000000,0.843485,0.807069,0.883343,0.344467,0.327275,0.271151
0.0,2.0,0.35,0.000000,0.850771,0.823381,0.880045,0.342467,0.312720,0.257330
0.0,5.0,0.25,0.000000,0.834492,0.790238,0.883998,0.597600,0.312650,0.254973
0.0,5.0,0.3,0.000000,0.855217,0.826897,0.885545,0.350333,0.301594,0.246132
0.0,5.0,0.35,0.000000,0.858624,0.836658,0.881774,0.344800,0.298569,0.243189
0.0,10.0,0.25,0.000000,0.846368,0.807986,0.888579,0.605667,0.299109,0.243375
0.0,10.0,0.3,0.000000,0.860459,0.835648,0.886788,0.358733,0.295219,0.240011
0.0,10.0,0.35,0.000000,0.860816,0.840025,0.882662,0.350933,0.295497,0.240008
0.0,20.0,0.25,0.000000,0.847770,0.810431,0.888717,0.617333,0.296761,0.241152
0.0,20.0,0.3,0.000000,0.860714,0.835897,0.887050,0.373667,0.294247,0.239007
0.0,20.0,0.35,0.000000,0.860971,0.840217,0.882776,0.359667,0.295643,0.239739
0.009316943865269423,0.0,0.25,0.000133,0.854133,0.838570,0.870286,0.340933,0.299093,0.242517
0.009316943865269423,2.0,0.25,0.000133,0.828371,0.778746,0.884750,0.580600,0.355733,0.297941
0.009316943865269423,2.0,0.3,0.000133,0.843870,0.807723,0.883405,0.342333,0.327217,0.271100
0.009316943865269423,2.0,0.35,0.000133,0.850984,0.823752,0.880079,0.340933,0.312677,0.257304
0.009316943865269423,5.0,0.25,0.000133,0.836415,0.793513,0.884221,0.580333,0.312428,0.254824
0.009316943865269423,5.0,0.3,0.000133,0.856107,0.828515,0.885600,0.340933,0.301468,0.246047
0.009316943865269423,5.0,0.35,0.000133,0.859098,0.837533,0.881802,0.340933,0.298599,0.243194
0.009316943865269423,10.0,0.25,0.000133,0.850166,0.814666,0.888900,0.569200,0.298675,0.243059
0.009316943865269423,10.0,0.3,0.000133,0.862181,0.838830,0.886869,0.340933,0.295191,0.239971
0.009316943865269423,10.0,0.35,0.000133,0.861520,0.841426,0.882598,0.340933,0.295690,0.240119
0.009316943865269423,20.0,0.25,0.000133,0.855555,0.824049,0.889567,0.550200,0.296390,0.240821
0.009316943865269423,20.0,0.3,0.000133,0.863708,0.841505,0.887114,0.340933,0.294404,0.239054
0.009316943865269423,20.0,0.35,0.000133,0.862189,0.842814,0.882476,0.340933,0.295583,0.239705
0.018633887730538846,0.0,0.25,0.120411,0.859778,0.849540,0.870267,0.016067,0.299095,0.242518
0.018633887730538846,2.0,0.25,0.120411,0.839433,0.798547,0.884731,0.016067,0.355735,0.297943
0.018633887730538846,2.0,0.3,0.120411,0.849324,0.817791,0.883386,0.016067,0.327219,0.271102
0.018633887730538846,2.0,0.35,0.120411,0.856524,0.834215,0.880060,0.016067,0.312679,0.257305
0.018633887730538846,5.0,0.25,0.120411,0.847022,0.812843,0.884202,0.016067,0.312429,0.254825
0.018633887730538846,5.0,0.3,0.120411,0.861680,0.839035,0.885581,0.016067,0.301470,0.246048
0.018633887730538846,5.0,0.35,0.120411,0.864734,0.848331,0.881783,0.016067,0.298601,0.243195
0.018633887730538846,10.0,0.25,0.120411,0.860613,0.834087,0.888881,0.016067,0.298676,0.243060
0.018633887730538846,10.0,0.3,0.120411,0.867825,0.849599,0.886850,0.016067,0.295192,0.239972
0.018633887730538846,10.0,0.35,0.120411,0.867183,0.852315,0.882579,0.016067,0.295692,0.240119
0.018633887730538846,20.0,0.25,0.120411,0.865577,0.842865,0.889548,0.016067,0.296392,0.240821
0.018633887730538846,20.0,0.3,0.120411,0.869370,0.852340,0.887095,0.016067,0.294406,0.239055
0.018633887730538846,20.0,0.35,0.120411,0.867862,0.853741,0.882457,0.016067,0.295584,0.239705
0.02795083159580827,0.0,0.25,0.125167,0.860030,0.850208,0.870081,0.003733,0.299051,0.242485
0.02795083159580827,2.0,0.25,0.125167,0.839670,0.799091,0.884590,0.003733,0.355753,0.297963
0.02795083159580827,2.0,0.3,0.125167,0.849552,0.818372,0.883202,0.003733,0.327180,0.271070
0.02795083159580827,2.0,0.35,0.125167,0.856771,0.834830,0.879895,0.003733,0.312637,0.257279
0.02795083159580827,5.0,0.25,0.125167,0.847283,0.813440,0.884064,0.003733,0.312419,0.254820
0.02795083159580827,5.0,0.3,0.125167,0.861956,0.839673,0.885455,0.003733,0.301449,0.246036
0.02795083159580827,5.0,0.35,0.125167,0.864991,0.848970,0.881629,0.003733,0.298548,0.243160
0.02795083159580827,10.0,0.25,0.125167,0.860859,0.834700,0.888710,0.003733,0.298632,0.243024
0.02795083159580827,10.0,0.3,0.125167,0.868122,0.850277,0.886733,0.003733,0.295175,0.239960
0.02795083159580827,10.0,0.35,0.125167,0.867463,0.852986,0.882440,0.003733,0.295666,0.240096
0.02795083159580827,20.0,0.25,0.125167,0.865822,0.843496,0.889362,0.003733,0.296430,0.240813
0.02795083159580827,20.0,0.3,0.125167,0.869591,0.852972,0.886871,0.003733,0.294359,0.238997
0.02795083159580827,20.0,0.35,0.125167,0.868074,0.854395,0.882198,0.003733,0.295561,0.239671
